"","timesincefire","avg.org","cubeorg","Moisture","ecoregion3","cubePima","burn.name","site"
"1",44,10.15,2.16515344701575,"Xeric","shield",0,"Russell lake","F10-2"
"2",43,30.35,3.11926949805446,"Subhydric","shield",0.722816652664846,"Marion lake","F9-11"
"3",77,6.6,1.8757774553669,"Xeric","shield",0,"Unburned control","C1-32"
"4",35,16.4,2.54066818554496,"Subhydric","plains",0.499800793977795,"Mackenzie Hwy N","F4-30"
"5",44,6.3,1.84691475044783,"Xeric","shield",0,"Behchoko","F11-20"
"6",35,57.85,3.86753679717433,"Subhydric","plains",0,"Mackenzie Hwy N","F4-6"
"7",129,25,2.92401773821287,"Subhydric","plains",1.78010246296091,"Unburned control","C7-18"
"8",84,39.1,3.39410744053,"Subhydric","plains",1.82301053275127,"Unburned control","C9-5"
"9",35,18.25,2.63281871408572,"Subhydric","plains",0.630212829747184,"Mackenzie Hwy N","F4-30"
"10",44,25.05,2.92596578525027,"Subhydric","shield",1.51108198084023,"Behchoko","F11-19"
"11",44,4.1,1.60052066388316,"Xeric","shield",0,"Behchoko","F11-19"
"12",46,23.85,2.87847720422514,"Mesic","sahtu",1.88519597481216,"Norman Wells","F15-13"
"13",46,15.2,2.47712465926034,"Mesic","sahtu",1.42049949316164,"Norman Wells","F15-9"
"14",1,1.3,1.09139288306111,"Xeric","plains",0,"Northern","ZF46-45"
"15",57,18.35,2.63761875883126,"Mesic","shield",1.98772388053286,"Unburned control","C4-5"
"16",1,4,1.5874010519682,"Mesic","shield",0.549420780857168,"Wekweeti","ZF26-113"
"17",99,22.1,2.80627842839044,"Mesic","plains",1.67419821990793,"Unburned control","C9-1"
"18",34,10.8,2.21041889918423,"Mesic","plains",0.79125806278788,"Fort Smith Hwy","F6-32"
"19",153,20.5,2.73685183739921,"Mesic","plains",2.05027807847817,"Unburned control","C9-9"
"20",1,6.5,1.86625557840862,"Mesic","sahtu",1.87179646611785,"Norman Wells","F17-4"
"21",46,20.2,2.72343568156888,"Mesic","sahtu",1.30814716560598,"Norman Wells","F15-16"
"22",43,7.9,1.99163170128991,"Xeric","plains",1.25171756508189,"Rae-Edzo SW","F2-137"
"23",1,17.95,2.6183125314697,"Mesic","sahtu",1.81576385316234,"Norman Wells","F17-7"
"24",106,33.95,3.23802297718681,"Subhydric","plains",2.20048992463566,"Unburned control","C8-4"
"25",1,14.15,2.41871935519712,"Mesic","sahtu",1.515335374057,"Norman Wells","F17-4"
"26",35,32.75,3.19941395517889,"Subhydric","plains",0.888052859259752,"Mackenzie Hwy N","F4-21"
"27",34,19.35,2.68468697910363,"Subhydric","plains",1.40733435995796,"Fort Smith Hwy","F6-20"
"28",1,49,3.65930571002297,"Subhydric","plains",0,"Kakisa","SS33-27"
"29",43,5.2,1.73247821068181,"Xeric","shield",1.68421914386956,"Marion lake","F9-2"
"30",127,23.95,2.88249462354074,"Mesic","plains",2.15954339914242,"Unburned control","CG3-30"
"31",44,24.65,2.91030814354404,"Subhydric","shield",1.84161986683238,"Behchoko","F11-20"
"32",43,18.05,2.62316576320858,"Subhydric","plains",1.33506369056535,"Rae-Edzo SW","F2-4"
"33",1,3.15,1.46589720887824,"Xeric","shield",0.354729797698446,"Wekweeti","ZF26-118"
"34",75,10.65,2.20013773242382,"Xeric","plains",1.41847186762965,"Redknife river","F7-1"
"35",1,2.6,1.37506886707414,"Xeric","shield",0,"Gameti East","ZF44-51"
"36",44,15.15,2.47440553011632,"Mesic","shield",2.01018550675187,"Behchoko","F11-21"
"37",72,10.65,2.20013773242382,"Mesic","shield",1.75637089165162,"Unburned control","C2-17"
"38",34,31.55,3.15984991008544,"Mesic","plains",1.10298572187816,"Fort Smith Hwy","F6-26"
"39",1,2,1.25992104989487,"Xeric","shield",1.20311448558237,"Wekweeti","ZF26-98"
"40",73,75.8,4.23210468542968,"Subhydric","plains",1.44815521207665,"Unburned control","CG3-22"
"41",43,8.15,2.01242267876742,"Mesic","shield",1.31297748122744,"Marion lake","F9-9"
"42",44,4.1,1.60052066388316,"Xeric","shield",0,"Russell lake","F10-3"
"43",43,3.2,1.47361259945615,"Xeric","shield",0,"Marion lake","F9-3"
"44",43,2.2,1.30059144685139,"Xeric","shield",0,"Marion lake","F9-9"
"45",78,11.6,2.2637023919259,"Mesic","shield",2.56733883370028,"Unburned control","C2-3"
"46",146,13.05,2.35434536282448,"Xeric","plains",1.59998065367233,"Unburned control","CG3-2"
"47",43,15.05,2.4689492708882,"Mesic","plains",1.7333626529886,"Rae-Edzo SW","F2-10"
"48",92,27.65,3.02388343008746,"Mesic","plains",1.77761207222082,"Unburned control","CG3-2"
"49",36,7.25,1.9354383203139,"Xeric","shield",1.41568265911045,"Discovery Mine","F14-13"
"50",100,8.7,2.05671011620596,"Xeric","plains",1.27657889114075,"Unburned control","CG1-67"
"51",76,35.65,3.291191692046,"Subhydric","plains",2.24302152499292,"Unburned control","CG3-2"
"52",44,2.7,1.39247665008383,"Xeric","shield",0.590628572649927,"Behchoko","F11-10"
"53",73,36.9,3.32921714140365,"Mesic","plains",0.6222966640716,"Unburned control","CG3-22"
"54",74,13.8,2.39861030657984,"Mesic","shield",2.27155587474702,"Unburned control","CS-108"
"55",46,11.75,2.27341797188817,"Subhydric","plains",0,"Enterprise N","F3-11"
"56",44,13.5,2.3811015779523,"Mesic","plains",1.35938491920221,"Hay River","F1-38"
"57",91,23.6,2.86838428403424,"Xeric","plains",1.39635975397887,"Unburned control","CG3-10"
"58",43,7.4,1.94869516037466,"Xeric","shield",0.37411019373016,"Marion lake","F9-15"
"59",34,12.5,2.32079441680639,"Mesic","plains",1.3046233013819,"Fort Smith Hwy","F6-16"
"60",44,11.05,2.22734466467132,"Xeric","shield",1.52386496798357,"Russell lake","F10-1"
"61",46,26.85,2.99443412450723,"Subhydric","sahtu",1.46088726749461,"Norman Wells","F15-16"
"62",43,38.25,3.36933205040267,"Subhydric","plains",1.53525340863307,"Rae-Edzo SW","F2-7"
"63",108,26.15,2.96818225523547,"Subhydric","shield",2.46610035095842,"Unburned control","C5-4"
"64",1,0.9,0.96548938460563,"Xeric","plains",0,"Gameti West","ZF35-40"
"65",71,5.1,1.72130062072632,"Xeric","shield",1.66820478067762,"Unburned control","CS-3"
"66",40,8.95,2.07622466052736,"Xeric","shield",1.45275947444248,"Unburned control","C6-12"
"67",35,8.65,2.05276248631648,"Subhydric","plains",1.19821117200554,"Mackenzie Hwy N","F4-6"
"68",42,5.45,1.7598088635408,"Xeric","shield",0.507745648911476,"Discovery Mine","F12-1"
"69",44,47.85,3.630451567498,"Subhydric","plains",0,"Hay River","F1-25"
"70",44,39.8,3.41424244718796,"Subhydric","plains",0,"Hay River","F1-47"
"71",75,20.35,2.7301602414138,"Subhydric","plains",1.58454313800423,"Redknife river","F7-1"
"72",43,15.65,2.50133262285365,"Mesic","plains",1.91689193331996,"Rae-Edzo SW","F2-22"
"73",34,58.4,3.87975482916067,"Subhydric","plains",1.48644205809508,"Fort Smith Hwy","F6-16"
"74",68,76.9,4.25247836992349,"Subhydric","plains",0,"Unburned control","CG1-24"
"75",44,18.05,2.62316576320858,"Mesic","plains",2.70573173498539,"Hay River","F1-22"
"76",85,6.5,1.86625557840862,"Xeric","shield",2.01557009255697,"Unburned control","CS-26"
"77",67,25.7,2.95105774575144,"Mesic","plains",1.61160187352795,"Unburned control","CG1-157"
"78",34,56.8,3.84399468554934,"Subhydric","plains",1.23515376057119,"Fort Smith Hwy","F6-20"
"79",67,27,3,"Mesic","plains",2.16032968718774,"Unburned control","CG1-157"
"80",111,36.25,3.30955297401311,"Mesic","plains",1.97528058644534,"Unburned control","CG3-10"
"81",43,9.3,2.10294371746142,"Xeric","shield",2.67302413125591,"Marion lake","F9-2"
"82",1,1.9,1.23856232963017,"Xeric","shield",1.01026000201002,"Wekweeti","ZF26-66"
"83",44,21.05,2.76111206324283,"Subhydric","shield",1.40643704405202,"Russell lake","F10-4"
"84",68,6.95,1.90836569719823,"Mesic","shield",1.26146189730252,"Unburned control","CS-14"
"85",68,11.75,2.27341797188817,"Xeric","shield",2.04861082128123,"Unburned control","C1-8"
"86",34,8.6,2.04879961451827,"Xeric","plains",1.91960755171534,"Fort Smith Hwy","F6-1"
"87",34,39.65,3.40994779806741,"Subhydric","plains",1.79488872198074,"Fort Smith Hwy","F6-32"
"88",44,10.4,2.18278576612221,"Xeric","shield",2.01415135778936,"Behchoko","F11-10"
"89",156,29.4,3.08637796815858,"Subhydric","plains",1.86437554236123,"Unburned control","C9-9"
"90",65,16.15,2.52769212588881,"Xeric","plains",0,"Redknife river","F8-3"
"91",1,0.65,0.866239105340903,"Xeric","shield",1.43805649366063,"Gameti East","ZF44-52"
"92",42,26.75,2.99071201486044,"Subhydric","shield",1.62771814713545,"Discovery Mine","F12-15"
"93",44,12.15,2.29892829718066,"Mesic","shield",1.29429388794909,"Russell lake","F10-3"
"94",46,23.7,2.87242996539599,"Subhydric","sahtu",1.6250809986292,"Norman Wells","F15-9"
"95",60,45.55,3.57132571132329,"Subhydric","plains",1.48563581837716,"Unburned control","CG3-30"
"96",72,32.75,3.19941395517889,"Subhydric","plains",1.86237587079591,"Unburned control","C7-9"
"97",44,47.05,3.61010535216365,"Subhydric","plains",1.19165492339371,"Hay River","F1-3"
"98",73,21.65,2.78710052792667,"Subhydric","shield",1.85350565663297,"Unburned control","C3-3"
"99",44,20.6,2.7412947864932,"Subhydric","plains",0,"Hay River","F1-4"
"100",34,13.25,2.36631174558168,"Mesic","plains",1.60620939905348,"Fort Smith Hwy","F6-7"
"101",44,26.05,2.96439388831683,"Subhydric","plains",1.56633963150111,"Hay River","F1-25"
"102",44,4.95,1.70425692085874,"Xeric","shield",0,"Behchoko","F11-1"
"103",43,15.33333333,2.48434663772692,"Subhydric","shield",1.26260479072675,"Marion lake","F9-15"
"104",1,1.3,1.09139288306111,"Xeric","shield",0,"Gameti East","ZF44-36"
"105",74,30.7,3.13121430086404,"Subhydric","shield",1.70636843336835,"Unburned control","CS-96"
"106",44,38.7,3.38249363735134,"Subhydric","plains",1.36058704327942,"Hay River","F1-18"
"107",44,10.7,2.20357545322163,"Xeric","shield",1.7146884610635,"Russell lake","F10-29"
"108",43,20.9,2.75453796202665,"Xeric","plains",1.52880286137796,"Rae-Edzo SW","F2-18"
"109",46,9.45,2.11418961961947,"Xeric","plains",0.912634366952525,"Enterprise N","F3-3"
"110",65,10.7,2.20357545322163,"Mesic","shield",1.27634279180013,"Unburned control","C1-17"
"111",79,7,1.91293118277239,"Mesic","shield",0.797854046669108,"Unburned control","CS-96"
"112",67,31.55,3.15984991008544,"Xeric","plains",2.80112997589519,"Unburned control","CG1-157"
"113",34,59.5,3.90396266088985,"Subhydric","plains",1.04408551911716,"Fort Smith Hwy","F6-1"
"114",44,13.9,2.40439011279735,"Mesic","shield",2.27987773082394,"Behchoko","F11-1"
"115",42,8,2,"Xeric","shield",1.80562244363712,"Discovery Mine","F12-10"
"116",44,34.85,3.26638666673141,"Subhydric","plains",1.39413228841166,"Hay River","F1-31"
"117",43,14.5,2.43849948053666,"Mesic","shield",1.8231314614033,"Marion lake","F9-3"
"118",36,3.15,1.46589720887824,"Xeric","shield",0.616611195529782,"Discovery Mine","F14-13"
"119",1,3,1.44224957030741,"Xeric","shield",1.33428260258192,"Wekweeti","ZF26-113"
"120",42,19.15,2.67540535971321,"Mesic","shield",2.13873097986709,"Discovery Mine","F13-11"
"121",35,27.35,3.01290735009119,"Subhydric","plains",1.96169733878864,"Mackenzie Hwy N","F4-35"
"122",43,39.22222222,3.39764029519695,"Subhydric","plains",1.69391304060525,"Rae-Edzo SW","F2-137"
"123",46,5.55,1.77050705253456,"Xeric","plains",0,"Enterprise N","F3-8"
"124",43,13.1,2.35734835761373,"Mesic","shield",0,"Marion lake","F9-3"
"125",88,5.6,1.7758080034852,"Xeric","shield",0.963073019691846,"Unburned control","CS-104"
"126",99,26.3,2.97384673892841,"Xeric","plains",3.09233845600564,"Unburned control","CG3-37"
"127",46,8.05,2.00415801612692,"Xeric","plains",0,"Enterprise N","F3-13"
"128",34,31,3.14138065239139,"Subhydric","plains",2.67968189168158,"Fort Smith Hwy","F6-7"
"129",42,9,2.0800838230519,"Xeric","shield",1.75846396144498,"Discovery Mine","F12-1"
"130",46,37.8,3.35606682624419,"Mesic","plains",2.30671416980461,"Enterprise N","F3-19"
"131",46,30.25,3.11583984218488,"Subhydric","plains",2.38989945889854,"Enterprise N","F3-8"
"132",43,19.55,2.69390486079521,"Mesic","plains",1.46084032205985,"Rae-Edzo SW","F2-4"
"133",1,17.4,2.59129236893962,"Subhydric","sahtu",1.8823294458208,"Norman Wells","F17-5"
"134",1,0.8,0.928317766722556,"Xeric","shield",0.895661597933547,"Discovery Mine","ZF104-65"
"135",44,32.4,3.18797570754783,"Subhydric","plains",1.86225411246372,"Hay River","F1-4"
"136",44,23.75,2.87444853947242,"Mesic","plains",1.37295653687698,"Hay River","F1-25"
"137",42,4.35,1.63241190102949,"Xeric","shield",0.167653919554594,"Discovery Mine","F12-15"
"138",43,83.7,4.37429920748014,"Subhydric","plains",0.979586108715562,"Rae-Edzo SW","F2-6"
"139",1,3.5,1.51829448593783,"Xeric","shield",1.38677172314362,"Wekweeti","ZF26-50"
"140",1,1.4,1.1186889420814,"Xeric","plains",0,"Northern","ZF46-15"
"141",43,7.7,1.97468082221237,"Xeric","plains",0.769361490124917,"Rae-Edzo SW","F2-4"
"142",79,9.95,2.15083796432835,"Mesic","shield",0,"Unburned control","CS-108"
"143",66,47.3,3.61648815426562,"Subhydric","plains",1.47897672510122,"Unburned control","C9-1"
"144",43,14.8,2.4552020523843,"Subhydric","plains",2.04862653136085,"Rae-Edzo SW","F2-7"
"145",132,22.66666667,2.83006158306391,"Xeric","plains",3.08132907094518,"Unburned control","CG2-21"
"146",34,22.6,2.82728428812555,"Mesic","plains",1.4535333550356,"Fort Smith Hwy","F6-21"
"147",40,78.7,4.2854020936611,"Subhydric","plains",0.707372935265078,"Unburned control","CG2-5"
"148",44,53.45,3.76688680503502,"Subhydric","plains",0,"Hay River","F1-52"
"149",82,18.25,2.63281871408572,"Subhydric","shield",2.1068432698692,"Unburned control","C2-11"
"150",1,4.95,1.70425692085874,"Mesic","plains",1.6242404630303,"Central","ZF20-125"
"151",114,5.7,1.78631598770806,"Xeric","shield",1.99481057474542,"Unburned control","C5-4"
"152",42,35.75,3.29426613726393,"Subhydric","shield",1.40486198194234,"Discovery Mine","F13-5"
"153",75,11,2.22398009056932,"Mesic","shield",2.47361336550467,"Unburned control","CS-14"
"154",44,2.65,1.38382750364446,"Xeric","shield",0,"Behchoko","F11-15"
"155",1,1.45,1.13185119596295,"Xeric","plains",0,"Northern","ZF46-46"
"156",44,3.35,1.49628711352849,"Xeric","shield",0,"Russell lake","F10-20"
"157",1,5.2,1.73247821068181,"Xeric","plains",0,"Central","ZF20-8"
"158",35,26.1,2.96628928134495,"Subhydric","plains",1.08636151023232,"Mackenzie Hwy N","F4-31"
"159",1,3,1.44224957030741,"Xeric","shield",2.10125750119148,"Wekweeti","ZF26-96"
"160",35,71.6,4.15244932105471,"Subhydric","plains",0.710152425781162,"Mackenzie Hwy N","F4-17"
"161",44,23.5,2.86432715799122,"Subhydric","plains",1.91384180637393,"Hay River","F1-38"
"162",1,10.7,2.20357545322163,"Subhydric","shield",1.21549645266627,"Discovery Mine","ZF104-63"
"163",44,38.8,3.38540456274436,"Subhydric","plains",2.90937990235391,"Hay River","F1-47"
"164",34,11.8,2.27663811496251,"Xeric","plains",1.33033194382921,"Fort Smith Hwy","F6-16"
"165",83,12.65,2.33004070735121,"Mesic","plains",2.17650495992182,"Unburned control","CG2-1"
"166",44,7.9,1.99163170128991,"Xeric","shield",2.02660220121453,"Russell lake","F10-20"
"167",70,39.95,3.41852631924352,"Subhydric","plains",1.57629278669139,"Unburned control","C7-9"
"168",1,0.75,0.90856029641607,"Xeric","plains",0,"Northern","ZF46-51"
"169",34,4.1,1.60052066388316,"Xeric","plains",1.8391197542145,"Fort Smith Hwy","F6-33"
"170",43,7.6,1.96609514498312,"Xeric","plains",1.22268164647092,"Rae-Edzo SW","F2-137"
"171",75,4.8,1.6868653306035,"Xeric","plains",0,"Unburned control","CG1-87"
"172",44,47.25,3.61521339626284,"Subhydric","plains",2.18167342892929,"Hay River","F1-22"
"173",42,4.65,1.66910753466409,"Xeric","shield",1.5137375198417,"Discovery Mine","F13-11"
"174",85,5.1,1.72130062072632,"Xeric","shield",0.434116423776375,"Unburned control","CS-89"
"175",1,3.7,1.54668037377204,"Xeric","shield",1.51592420801901,"Wekweeti","ZF26-6"
"176",35,15,2.46621207433047,"Xeric","plains",2.0581418451697,"Mackenzie Hwy N","F4-20"
"177",86,5.95,1.81205894936276,"Xeric","shield",0,"Unburned control","CS-14"
"178",44,92.8,4.5274047838518,"Subhydric","plains",1.62323397935678,"Hay River","F1-12"
"179",44,16.6,2.55095440373441,"Mesic","plains",0,"Hay River","F1-4"
"180",1,1.9,1.23856232963017,"Xeric","shield",1.57987197582019,"Discovery Mine","ZF104-79"
"181",42,4.55,1.65705579634347,"Xeric","shield",0.530723409919999,"Discovery Mine","F12-10"
"182",35,7.6,1.96609514498312,"Xeric","plains",0.517378168866886,"Mackenzie Hwy N","F4-30"
"183",87,3.65,1.53968172429709,"Xeric","shield",1.04958017865052,"Unburned control","CS-3"
"184",1,2.7,1.39247665008383,"Xeric","plains",0,"Northern","ZF46-45"
"185",1,21.8,2.79352244124763,"Subhydric","shield",1.37798101121666,"Discovery Mine","ZF104-57"
"186",43,17.2,2.58132576134807,"Subhydric","shield",2.84992324282863,"Marion lake","F9-2"
"187",43,2.85,1.41779993901769,"Xeric","shield",0.705010633778207,"Marion lake","F9-11"
"188",44,46.7,3.60113133167462,"Subhydric","plains",2.20723683999742,"Hay River","F1-22"
"189",42,6.1,1.82716013686352,"Xeric","shield",0.624258313362986,"Discovery Mine","F13-5"
"190",34,96,4.57885697021333,"Subhydric","plains",1.6664869562143,"Fort Smith Hwy","F6-33"
"191",34,5.3,1.74351340126513,"Xeric","plains",0.522382761941282,"Fort Smith Hwy","F6-26"
"192",106,25.65,2.94914271747468,"Subhydric","plains",2.13279021638582,"Unburned control","C8-4"
"193",1,0.95,0.983047572491558,"Xeric","plains",0.716412997897924,"Northern","ZF46-18"
"194",1,2.9,1.42604314714241,"Xeric","shield",0.920271177543014,"Gameti East","ZF44-54"
"195",1,2.25,1.31037069710445,"Xeric","shield",0,"Gameti East","ZF44-5"
"196",1,3.2,1.47361259945615,"Mesic","plains",0.362863955981891,"Northern","ZF46-30"
"197",1,4.25,1.61980590063874,"Xeric","shield",0.514592106091959,"Wekweeti","ZF26-112"
"198",85,4.5,1.65096362444731,"Xeric","shield",1.06819375467924,"Unburned control","C2-11"
"199",42,47.8,3.62918660169264,"Subhydric","shield",1.46412388234364,"Discovery Mine","F13-11"
"200",82,25.75,2.95297029181224,"Subhydric","shield",1.72290511736008,"Unburned control","C1-19"
"201",46,48.3,3.64179680239382,"Subhydric","plains",1.9681527182462,"Enterprise N","F3-8"
"202",1,11,2.22398009056932,"Mesic","shield",2.44513804198012,"Gameti East","ZF44-5"
"203",34,15.15,2.47440553011632,"Mesic","plains",1.98352772232754,"Fort Smith Hwy","F6-15"
"204",35,8.9,2.07235109805926,"Mesic","plains",1.14384262958276,"Mackenzie Hwy N","F4-17"
"205",34,39.35,3.40132589579217,"Subhydric","plains",2.20440992226608,"Fort Smith Hwy","F6-15"
"206",1,17.3,2.58631866694467,"Mesic","sahtu",1.91080362252447,"Norman Wells","F17-5"
"207",46,29.4,3.08637796815858,"Subhydric","sahtu",1.99570010398892,"Norman Wells","F15-13"
"208",79,13.75,2.39570992853139,"Subhydric","shield",2.5927269351302,"Unburned control","C1-32"
"209",35,50.7,3.70114403386104,"Subhydric","plains",2.56429354673035,"Mackenzie Hwy N","F4-35"
"210",73,9.15,2.09157623209337,"Xeric","shield",1.61348502160526,"Unburned control","C4-5"
"211",34,20.2,2.72343568156888,"Mesic","plains",2.05536434976849,"Fort Smith Hwy","F6-7"
"212",35,15.25,2.47983783192115,"Mesic","plains",1.64263958185091,"Mackenzie Hwy N","F4-31"
"213",42,9.6,2.12531713836522,"Xeric","shield",1.98983094748362,"Discovery Mine","F12-15"
"214",43,6.15,1.83213879944796,"Xeric","plains",0.364513361608086,"Rae-Edzo SW","F2-18"
"215",92,25.3,2.93566733430372,"Xeric","plains",2.04970950815416,"Unburned control","CG1-25"
"216",1,2.45,1.34809974988793,"Mesic","plains",0,"Northern","ZF46-30"
"217",89,5.6,1.7758080034852,"Xeric","shield",0.955343063976495,"Unburned control","CS-117"
"218",1,9.65,2.1290005376555,"Mesic","shield",1.9566046644382,"Wekweeti","ZF26-54"
"219",42,23.85,2.87847720422514,"Mesic","shield",1.99086848029297,"Discovery Mine","F13-15"
"220",35,86.7,4.42594859806217,"Subhydric","plains",0.434116423776375,"Jean Marie","F4-2"
"221",1,3.85,1.56730520724067,"Mesic","plains",0,"Northern","ZF46-18"
"222",43,30.95,3.13969082922918,"Subhydric","plains",2.31653357359252,"Rae-Edzo SW","F2-18"
"223",110,7.6,1.96609514498312,"Xeric","shield",0.613496944248225,"Unburned control","CS-59"
"224",1,1.15,1.04768955317165,"Xeric","plains",0,"Northern","ZF46-5"
"225",44,46.5,3.5959831740739,"Subhydric","plains",1.0825567661847,"Hay River","F1-52"
"226",65,13.4,2.37520773806159,"Xeric","plains",1.84547696415349,"Redknife river","F8-2"
"227",1,1.5,1.14471424255333,"Xeric","plains",0,"Northern","ZF46-24"
"228",79,27.95,3.03478040148245,"Subhydric","shield",2.04054187002334,"Unburned control","C1-21"
"229",36,29.6,3.09336074754407,"Subhydric","shield",1.55298707529241,"Discovery Mine","F14-2"
"230",1,24.5,2.90439286678185,"Subhydric","sahtu",1.76936743470009,"Norman Wells","F17-7"
"231",53,5.95,1.81205894936276,"Xeric","shield",1.32993036720635,"Unburned control","C6-2"
"232",1,0.8,0.928317766722556,"Xeric","plains",0.899291087428921,"Gameti West","ZF35-29"
"233",1,2.25,1.31037069710445,"Xeric","shield",1.57504991702045,"Gameti East","ZF44-71"
"234",35,11.15,2.23404348595191,"Xeric","plains",2.12646666124941,"Mackenzie Hwy N","F4-6"
"235",35,18.525,2.64597704525917,"Mesic","plains",2.01325068265766,"Mackenzie Hwy N","F4-20"
"236",1,35.2,3.27728508240258,"Mesic","plains",0.93010921675675,"Kakisa","SS33-21"
"237",43,10,2.15443469003188,"Xeric","plains",0,"Rae-Edzo SW","F2-13"
"238",1,2.7,1.39247665008383,"Xeric","plains",0.483784087095848,"Northern","ZF46-24"
"239",1,1.64,1.17927370799407,"Xeric","plains",0,"Northern","ZF46-875"
"240",80,5,1.7099759466767,"Xeric","shield",1.73163254627316,"Unburned control","C3-3"
"241",46,27,3,"Mesic","plains",2.55366432971212,"Enterprise N","F3-3"
"242",36,16.95,2.56875825087185,"Mesic","shield",0.806426194419129,"Discovery Mine","F14-13"
"243",35,7,1.91293118277239,"Xeric","plains",0.391486764116886,"Mackenzie Hwy N","F4-20"
"244",107,16.3,2.5354936942649,"Mesic","shield",2.71118782548659,"unburned","GAM-UB-1"
"245",65,8.4,2.03279271362971,"Xeric","plains",1.217281240852,"Redknife river","F8-1"
"246",1,4,1.5874010519682,"Xeric","shield",1.54480090562983,"Wekweeti","ZF26-104"
"247",43,23.7,2.87242996539599,"Subhydric","shield",2.43617801264729,"Marion lake","F9-6"
"248",1,5.95,1.81205894936276,"Mesic","shield",1.9901725115802,"Discovery Mine","ZF104-83"
"249",78,11.9,2.28305121395253,"Mesic","plains",2.80698464003415,"Unburned control","CG1-24"
"250",1,0.9,0.96548938460563,"Xeric","shield",1.00901868480773,"Discovery Mine","ZF104-57"
"251",66,15.9,2.51458145379984,"Xeric","plains",2.64326509418705,"Unburned control","CG1-87"
"252",35,8.4,2.03279271362971,"Xeric","plains",1.32881794610936,"Mackenzie Hwy N","F4-17"
"253",46,34.3,3.24911218352894,"Subhydric","plains",1.90119806617855,"Enterprise N","F3-3"
"254",76,27.2,3.00738919240995,"Mesic","plains",3.00052205914615,"Unburned control","CG2-35"
"255",81,25.05,2.92596578525027,"Subhydric","shield",1.7928309337136,"Unburned control","C1-8"
"256",65,38.5,3.37665670834691,"Xeric","plains",0.41167574519983,"Unburned control","CG1-18"
"257",109,4.2,1.61342864602454,"Xeric","shield",1.49347704583034,"Unburned control","C1-17"
"258",71,22.15,2.80839318309309,"Subhydric","shield",2.29349380240846,"Unburned control","C2-2"
"259",1,3.15,1.46589720887824,"Mesic","shield",2.56102165236169,"Gameti East","ZF44-71"
"260",1,1.6,1.16960709528515,"Xeric","shield",1.20380740256372,"Discovery Mine","ZF104-58"
"261",71,33.5,3.22365286363346,"Xeric","plains",1.92927927674167,"Unburned control","CG2-11"
"262",84,5.1,1.72130062072632,"Xeric","shield",1.89199022016751,"Unburned control","C1-19"
"263",43,10.4,2.18278576612221,"Xeric","shield",2.13254118666464,"Marion lake","F9-6"
"264",81,14.35,2.43006169860335,"Mesic","shield",2.14098934885608,"Unburned control","C6-2"
"265",75,9.55,2.12162092718685,"Xeric","plains",1.76728890209832,"Redknife river","F7-2"
"266",1,1.35,1.10520944959212,"Xeric","plains",1.55574842161839,"Gameti West","ZF35-33"
"267",2,2.6,1.37506886707414,"Mesic","plains",0.769509911331853,"Sambaa Deh","SD2013-2"
"268",17,14.9,2.4607193789209,"Mesic","shield",1.03666811372486,"Unburned control","CS-10"
"269",111,12.75,2.33616436417763,"Xeric","plains",1.97056806124848,"Unburned control","CG3-10"
"270",81,2.75,1.40101966532769,"Xeric","shield",0,"Unburned control","C2-3"
"271",44,4.85,1.69270228137218,"Xeric","shield",0,"Russell lake","F10-2"
"272",44,6.9,1.9037782619633,"Xeric","shield",0.798004638239551,"Russell lake","F10-29"
"273",1,1.25,1.07721734501594,"Xeric","plains",2.2344741832667,"Central","ZF20-64"
"274",1,1.9,1.23856232963017,"Xeric","plains",1.32753311148396,"Central","ZF20-43"
"275",1,3.7,1.54668037377204,"Xeric","shield",2.16435932236198,"Gameti East","ZF44-9"
"276",35,14.45,2.43569337969141,"Subhydric","plains",1.3747317282458,"Mackenzie Hwy N","F4-1"
"277",46,6.7,1.88520363102099,"Xeric","plains",0,"Enterprise N","F3-19"
"278",1,1.4,1.1186889420814,"Xeric","shield",1.77209416097513,"Discovery Mine","LL-2"
"279",44,26.2,2.97007281769264,"Mesic","plains",1.8924742732057,"Hay River","F1-12"
"280",92,46.6,3.59855909413392,"Subhydric","plains",3.12744005249947,"Unburned control","CG1-25"
"281",42,5.25,1.73801332244322,"Xeric","shield",0.812393037943202,"Discovery Mine","F13-15"
"282",65,9.05,2.08392871872048,"Xeric","plains",0.869105914612351,"Redknife river","F8-3"
"283",44,54.88888889,3.80038982358193,"Subhydric","plains",1.07983198003465,"Hay River","F1-18"
"284",83,4.4,1.63864254120129,"Mesic","shield",2.36634646943199,"Unburned control","CS-104"
"285",73,13.6,2.38696638385467,"Xeric","shield",2.68921774769535,"Unburned control","CS-117"
"286",77,14.65,2.44687926969619,"Mesic","shield",2.57294075953581,"Unburned control","CS-3"
"287",137,24,2.88449914061482,"Xeric","plains",2.14455368838285,"Unburned control","CG2-33"
"288",34,3.2,1.47361259945615,"Xeric","plains",1.12399086461423,"Fort Smith Hwy","F6-21"
"289",1,2.8,1.40945974641298,"Mesic","shield",2.13009190894085,"Discovery Mine","ZF104-107"
"290",1,2.05,1.27033409277248,"Xeric","plains",1.41254061484489,"Gameti West","ZF35-37"
"291",1,1.65,1.1816657504675,"Xeric","plains",1.77269142435777,"Central","ZF20-59"
"292",33,68,4.08165510191735,"Subhydric","plains",1.19348319192734,"Unburned control","CG3-4"
"293",2,1.55,1.15729452726294,"Mesic","plains",2.25574306087425,"Sambaa Deh","SD2013-1"
"294",1,2.15,1.29066288067403,"Xeric","plains",0.574031193293216,"Northern","ZF46-48"
"295",43,56.9,3.84624922840379,"Subhydric","plains",0.761977480085718,"Rae-Edzo SW","F2-3"
"296",44,17,2.57128159065824,"Mesic","plains",2.23398788860959,"Hay River","F1-12"
"297",35,68.6,4.09362483349801,"Subhydric","plains",2.27999229760402,"Mackenzie Hwy N","F4-1"
"298",61,48.7,3.65182244637753,"Subhydric","plains",2.43812088367504,"Unburned control","CG3-32"
"299",46,57.55,3.86083975036054,"Subhydric","plains",1.98612814383147,"Enterprise N","F3-20"
"300",87,5.25,1.73801332244322,"Xeric","shield",0.828832168993014,"Unburned control","C1-21"
"301",82,19.5,2.69160630604364,"Mesic","plains",2.18028622409674,"Unburned control","CG3-38"
"302",1,3.05,1.45021796168576,"Xeric","shield",0,"Gameti East","ZF44-51"
"303",1,37.8,3.35606682624419,"Subhydric","shield",1.59495375134092,"Gameti East","ZF44-16"
"304",200,46.2,3.58823318631279,"Subhydric","plains",1.88932889099841,"Unburned control","CG2-21"
"305",65,22,2.80203933065539,"Mesic","plains",2.11433625702356,"Unburned control","CG1-18"
"306",152,13.1,2.35734835761373,"Mesic","plains",2.65437899324337,"Unburned control","CG1-12"
"307",43,50.4,3.69382950089567,"Subhydric","plains",1.79980217414387,"Rae-Edzo SW","F2-6"
"308",61,29.05,3.07408151121211,"Subhydric","shield",1.4175913648888,"Unburned control","CS-46"
"309",36,23.25,2.85413373669243,"Subhydric","shield",1.08754280566083,"Discovery Mine","F14-7"
"310",75,18.2,2.63041211428563,"Mesic","plains",2.43261614522183,"Redknife river","F7-2"
"311",83,4.05,1.59398785377392,"Xeric","shield",0.729628274496462,"Unburned control","C1-14"
"312",43,33.3,3.21722482491508,"Mesic","plains",1.935738821865,"Rae-Edzo SW","F2-3"
"313",1,11.45,2.25390269177201,"Subhydric","shield",2.38769868697264,"Discovery Mine","ZF104-79"
"314",144,15.65,2.50133262285365,"Xeric","shield",2.97754149773333,"Unburned control","C6-12"
"315",83,6.8,1.89453647437182,"Xeric","plains",1.23971418707513,"Unburned control","CG2-1"
"316",1,2.3,1.32000612179591,"Xeric","plains",2.45943160629237,"Central","ZF20-43"
"317",80,5.75,1.79152393550797,"Xeric","shield",0.81199616789022,"Unburned control","CS-89"
"318",1,1.2,1.06265856918261,"Xeric","shield",0.503134182088768,"Discovery Mine","ZF104-63"
"319",36,31.6,3.16151825776082,"Subhydric","plains",0,"Unburned control","CG3-40"
"320",65,13,2.35133468772076,"Subhydric","plains",2.69573648373001,"Redknife river","F8-1"
"321",43,60.4,3.92354808564425,"Subhydric","plains",1.3522600380393,"Rae-Edzo SW","F2-13"
"322",46,27.15,3.00554529912587,"Mesic","plains",2.87585977481657,"Enterprise N","F3-20"
"323",43,39.2,3.39699850448362,"Subhydric","plains",0,"Rae-Edzo SW","F2-13"
"324",142,36.6,3.32017031109669,"Xeric","plains",2.3284630995112,"Unburned control","CG2-20"
"325",43,5.65,1.78107749432321,"Xeric","plains",1.1873388714343,"Rae-Edzo SW","F2-22"
"326",1,24.9,2.92011383805892,"Subhydric","shield",1.65849361722271,"Discovery Mine","ZF104-110"
"327",34,7,1.91293118277239,"Xeric","plains",2.05632431439921,"Fort Smith Hwy","F6-15"
"328",97,31.1,3.14475485547118,"Mesic","plains",2.09292994015123,"Unburned control","CG3-4"
"329",1,6.65,1.8805023555678,"Subhydric","shield",2.18347104083875,"Discovery Mine","ZF104-65"
"330",46,24.35,2.89845339649039,"Subhydric","plains",2.9144426854642,"Enterprise N","F3-11"
"331",137,11.15,2.23404348595191,"Subhydric","shield",2.8247600629487,"Unburned control","C1-17"
"332",1,9.9,2.14722916901894,"Subhydric","shield",1.97455026221664,"Gameti East","ZF44-71"
"333",43,36.2,3.30803064032362,"Mesic","plains",2.25405497509592,"Rae-Edzo SW","F2-3"
"334",1,1.9,1.23856232963017,"Xeric","shield",0.928543033343025,"Discovery Mine","ZF104-110"
"335",35,18,2.6207413942089,"Subhydric","plains",2.63082075180493,"Mackenzie Hwy N","F4-1"
"336",89,7.1,1.92199734277467,"Xeric","shield",0.297917946569449,"Unburned control","C1-32"
"337",85,2.9,1.42604314714241,"Xeric","shield",0.517378168866886,"Unburned control","C1-8"
"338",71,3.3,1.48880555295383,"Xeric","shield",0.632821648543653,"Unburned control","C2-17"
"339",83,4.65,1.66910753466409,"Xeric","shield",0.401650158084457,"Unburned control","C2-2"
"340",46,1.4,1.1186889420814,"Xeric","shield",0,"Unburned control","C5-11"
"341",124,15.2,2.47712465926034,"Mesic","plains",2.76709499650497,"Unburned control","CG1-15"
"342",124,22.2,2.81050475771048,"Xeric","plains",2.35988060537416,"Unburned control","CG1-15"
"343",241,64.2,4.00416233390843,"Subhydric","plains",1.67862811046086,"Unburned control","CG1-15"
"344",65,69.4,4.10947639467995,"Subhydric","plains",2.20678567821763,"Unburned control","CG1-18"
"345",68,48.2,3.63928174855354,"Subhydric","plains",2.00484532700687,"Unburned control","CG1-24"
"346",99,37.4,3.34418684425653,"Subhydric","plains",2.38096256053807,"Unburned control","CG1-25"
"347",100,11.15,2.23404348595191,"Mesic","plains",2.26792263844174,"Unburned control","CG1-67"
"348",128,77.5,4.2635094916408,"Subhydric","plains",1.34898173456875,"Unburned control","CG1-6"
"349",115,21.4,2.77633109854556,"Xeric","plains",2.82038351967476,"Unburned control","CG1-6"
"350",112,15.1,2.47168041168896,"Mesic","plains",1.94444676524373,"Unburned control","CG1-8"
"351",137,58.1,3.87310000506878,"Subhydric","plains",2.75417887415376,"Unburned control","CG1-8"
"352",79,7.25,1.9354383203139,"Xeric","plains",0.74884338345669,"Unburned control","CG2-13"
"353",105,10,2.15443469003188,"Subhydric","plains",2.06172907982054,"Unburned control","CG2-20"
"354",127,17.3,2.58631866694467,"Mesic","plains",2.29153892858172,"Unburned control","CG2-20"
"355",200,41.2,3.45381500546985,"Subhydric","plains",1.03067085306897,"Unburned control","CG2-21"
"356",87,9.15,2.09157623209337,"Xeric","plains",0,"Unburned control","CG2-22"
"357",72,12.1,2.29577042466555,"Subhydric","plains",2.05032485393264,"Unburned control","CG2-27"
"358",79,15.25,2.47983783192115,"Mesic","plains",2.45197185306289,"Unburned control","CG2-31"
"359",137,26,2.96249606840737,"Subhydric","plains",2.20759815635506,"Unburned control","CG2-33"
"360",137,59.7,3.9083319568262,"Subhydric","plains",2.38356708416387,"Unburned control","CG2-33"
"361",85,20.7,2.74572338027716,"Xeric","plains",2.41993103928892,"Unburned control","CG2-35"
"362",43,3.35,1.49628711352849,"Mesic","plains",1.25786505596368,"Unburned control","CG2-4"
"363",87,31.2,3.14812183326289,"Xeric","plains",2.46043957046815,"Unburned control","CG2-5"
"364",67,1.1,1.03228011545637,"Mesic","plains",2.30322850510124,"Unburned control","CG2-7"
"365",145,6.15,1.83213879944796,"Xeric","plains",0,"Unburned control","CG2-8"
"366",109,49.55555556,3.67308334653243,"Subhydric","plains",1.83170458849003,"Unburned control","CG3-12"
"367",109,62.5,3.9685026299205,"Subhydric","plains",2.0504334679649,"Unburned control","CG3-12"
"368",109,83.1,4.36382180398796,"Subhydric","plains",1.92993751245153,"Unburned control","CG3-12"
"369",127,32,3.1748021039364,"Subhydric","plains",2.67293109541641,"Unburned control","CG3-30"
"370",66,51.5,3.72050943036845,"Subhydric","plains",1.93958484411812,"Unburned control","CG3-31"
"371",66,36.4,3.31411159268694,"Xeric","plains",0,"Unburned control","CG3-31"
"372",66,30,3.10723250595386,"Mesic","plains",2.68394183618514,"Unburned control","CG3-31"
"373",61,70.3,4.12716445941917,"Subhydric","plains",2.94027408438618,"Unburned control","CG3-32"
"374",132,5.5,1.76517416766303,"Xeric","plains",1.34599276225569,"Unburned control","CG3-37"
"375",42,70.4,4.12912046182547,"Subhydric","plains",0,"Unburned control","CG3-38"
"376",150,40.9,3.44541152942834,"Subhydric","plains",0,"Unburned control","CG3-38"
"377",81,77.8,4.26900371098194,"Subhydric","plains",2.2728434316892,"Unburned control","CG3-40"
"378",91,44.3,3.53835368776025,"Subhydric","plains",2.40895499364131,"Unburned control","CG3-4"
"379",124,26.1,2.96628928134495,"Subhydric","shield",2.31089347445333,"Unburned control","CS-100"
"380",88,11.5,2.257178717737,"Xeric","shield",0.266134008267555,"Unburned control","CS-103"
"381",98,4.8,1.6868653306035,"Xeric","shield",0,"Unburned control","CS-108"
"382",80,3.55,1.5254903019003,"Xeric","shield",0,"Unburned control","CS-109"
"383",95,26.9,2.99629171439091,"Subhydric","shield",2.47221237250481,"Unburned control","CS-130"
"384",140,23.8,2.87646428244683,"Subhydric","shield",2.32443766536658,"Unburned control","CS-26"
"385",146,5.5,1.76517416766303,"Xeric","shield",1.04969899005753,"Unburned control","CS-26"
"386",134,5.7,1.78631598770806,"Xeric","shield",1.35624656479129,"Unburned control","CS-44"
"387",88,5.1,1.72130062072632,"Xeric","shield",0,"Unburned control","CS-46"
"388",74,3.3,1.48880555295383,"Xeric","shield",0,"Unburned control","CS-57"
"389",83,3,1.44224957030741,"Xeric","shield",0,"Unburned control","CS-96"
"390",70,23.25,2.85413373669243,"Subhydric","shield",1.24504386054305,"Unburned control","CS-9"
"391",44,3.35,1.49628711352849,"Xeric","shield",0,"Russell lake","F10-1"
"392",44,6.45,1.86145798506385,"Xeric","shield",0,"Russell lake","F10-4"
"393",44,3.55,1.5254903019003,"Xeric","shield",0,"Behchoko","F11-20"
"394",44,3.75,1.55361625297693,"Xeric","shield",0,"Behchoko","F11-21"
"395",42,34.85,3.26638666673141,"Subhydric","shield",1.88601180445631,"Discovery Mine","F13-15"
"396",36,4.5,1.65096362444731,"Xeric","shield",0,"Discovery Mine","F14-2"
"397",36,3.85,1.56730520724067,"Xeric","shield",0.683990378670679,"Discovery Mine","F14-7"
"398",43,6.57,1.87293105121353,"Xeric","plains",1.37995439812904,"Rae-Edzo SW","F2-10"
"399",43,45,3.55689330449006,"Subhydric","plains",1.3933850439373,"Rae-Edzo SW","F2-6"
"400",43,5.3,1.74351340126513,"Xeric","plains",0,"Rae-Edzo SW","F2-7"
"401",46,70.1,4.12324688282716,"Subhydric","plains",0.51924941018511,"Enterprise N","F3-1"
"402",46,15.25,2.47983783192115,"Xeric","plains",2.96965599903491,"Enterprise N","F3-20"
"403",35,2.15,1.29066288067403,"Xeric","plains",0,"Mackenzie Hwy N","F4-21"
"404",34,14.5,2.43849948053666,"Xeric","plains",2.02096669550578,"Fort Smith Hwy","F6-1"
"405",34,81.1,4.32852853371075,"Subhydric","plains",0.476913372598639,"Fort Smith Hwy","F6-26"
"406",34,4.55,1.65705579634347,"Xeric","plains",0,"Fort Smith Hwy","F6-32"
"407",65,5.05,1.71565697162171,"Xeric","plains",0,"Redknife river","F8-2"
"408",43,7.7,1.97468082221237,"Xeric","shield",2.30883262917994,"Marion lake","F9-6"
"409",107,12,2.28942848510666,"Xeric","shield",1.5313551440848,"unburned","GAM-UB-1"
"410",120,9.1,2.08775947866345,"Xeric","plains",0,"unburned","HWY3-UB-1"
"411",120,19.9,2.70988602617033,"Mesic","plains",2.89546233439846,"unburned","HWY3-UB-1"
"412",120,65.8,4.03715382974611,"Subhydric","plains",1.93115488871676,"unburned","KAK-UB-1"
"413",166,49.8,3.67911289265974,"Subhydric","plains",3.150025081181,"unburned","KAK-UB-1"
"414",1,12.25,2.30521814602922,"Subhydric","shield",1.31948740963596,"Discovery Mine","LL-1"
"415",2,78.9,4.28902918137959,"Subhydric","plains",1.78664694473725,"Sambaa Deh","SD2013-1"
"416",1,7.65,1.9703973362613,"Mesic","plains",2.98746957083436,"Kakisa","SS33-11"
"417",1,1.55,1.15729452726294,"Xeric","plains",0,"Kakisa","SS33-1"
"418",1,8.2,2.0165296752181,"Mesic","plains",2.5484666367758,"Kakisa","SS33-1"
"419",1,39.3,3.39988465583327,"Subhydric","plains",0,"Kakisa","SS33-21"
"420",1,36,3.30192724889463,"Subhydric","plains",0,"Kakisa","SS33-25"
"421",1,58.4,3.87975482916067,"Subhydric","plains",0,"Kakisa","SS33-26"
"422",1,17.8,2.61099877121762,"Mesic","plains",3.08946010333853,"Kakisa","SS33-27"
"423",1,34.35,3.25069018872289,"Subhydric","plains",2.4812318541988,"Kakisa","SS33-27"
"424",1,13.55,2.38403758780428,"Mesic","plains",2.81082230760181,"Kakisa","SS33-3"
"425",1,4.05,1.59398785377392,"Mesic","plains",2.84914943818905,"Kakisa","SS33-3"
"426",1,19.4,2.68699738211917,"Subhydric","plains",2.72384957369775,"Kakisa","SS33-4"
"427",1,7.1,1.92199734277467,"Mesic","plains",3.25213200291295,"Kakisa","SS33-4"
"428",1,3.17,1.46899309391131,"Xeric","plains",1.12815443694286,"Kakisa","SS33-582"
"429",1,10.07,2.15945002001236,"Mesic","plains",1.80822842583567,"Kakisa","SS33-582"
"430",1,13.2,2.363331500935,"Mesic","plains",2.57329004014896,"Kakisa","SS33-6"
"431",1,21.15,2.76547746507813,"Mesic","plains",2.52935113107265,"Kakisa","SS33-877"
"432",1,31.2,3.14812183326289,"Subhydric","plains",1.92051969212957,"Kakisa","SS33-9"
"433",1,6.1,1.82716013686352,"Xeric","plains",2.84402312059568,"Kakisa","SS33-9"
"434",1,11.1,2.23069910447562,"Mesic","plains",3.28285259505038,"Kakisa","SS33-9"
"435",155,8.95,2.07622466052736,"Xeric","shield",2.09374979373934,"unburned","WEK-UB-1"
"436",275,12.45,2.31769588920081,"Mesic","shield",2.53156576670597,"unburned","WEK-UB-1"
"437",1,0.75,0.90856029641607,"Xeric","shield",0.662364734220974,"Discovery Mine","ZF104-107"
"438",1,0.45,0.766309432393553,"Xeric","shield",0.84565561248085,"Discovery Mine","ZF104-12"
"439",1,2.35,1.32950289523459,"Xeric","shield",0.554149987410131,"Discovery Mine","ZF104-22"
"440",1,1.3,1.09139288306111,"Xeric","shield",1.44669732981885,"Discovery Mine","ZF104-26"
"441",1,1.1,1.03228011545637,"Xeric","shield",1.82647284139332,"Discovery Mine","ZF104-4"
"442",1,0.25,0.629960524947437,"Xeric","shield",0,"Discovery Mine","ZF104-62"
"443",1,3.25,1.48124803420369,"Xeric","shield",0.930058777261725,"Discovery Mine","ZF104-83"
"444",1,7.95,1.99582462251079,"Mesic","plains",1.855389171453,"Central","ZF20-10"
"445",1,0.95,0.983047572491558,"Xeric","plains",1.53636251751565,"Central","ZF20-10"
"446",1,17.3,2.58631866694467,"Subhydric","plains",1.9311080878536,"Central","ZF20-10"
"447",1,8.2,2.0165296752181,"Mesic","plains",2.01958973115762,"Central","ZF20-11"
"448",1,2.45,1.34809974988793,"Xeric","plains",1.40294093390751,"Central","ZF20-11"
"449",1,20.2,2.72343568156888,"Mesic","plains",2.54921886416259,"Central","ZF20-11"
"450",1,15.2,2.47712465926034,"Subhydric","plains",3.30935935459782,"Central","ZF20-125"
"451",1,6.76,1.89081438919656,"Mesic","plains",1.23451210327789,"Central","ZF20-125"
"452",1,6.75,1.88988157484231,"Xeric","plains",0,"Central","ZF20-12"
"453",1,26.1,2.96628928134495,"Mesic","plains",2.32608882719606,"Central","ZF20-12"
"454",1,1.4,1.1186889420814,"Xeric","plains",1.62882542942251,"Central","ZF20-34"
"455",1,13.05,2.35434536282448,"Mesic","plains",2.53172234786208,"Central","ZF20-34"
"456",1,11.2,2.23737788416279,"Mesic","plains",1.6307965993507,"Central","ZF20-34"
"457",1,18.6,2.64954305637382,"Subhydric","plains",2.55542123740031,"Central","ZF20-35"
"458",1,4.1,1.60052066388316,"Mesic","plains",0,"Central","ZF20-35"
"459",1,1.75,1.20507113208762,"Xeric","plains",2.14024661429888,"Central","ZF20-40"
"460",1,29.5,3.08987330293282,"Subhydric","plains",2.02936286442876,"Central","ZF20-40"
"461",1,2.4,1.33886590016434,"Xeric","plains",1.71110651739817,"Central","ZF20-40"
"462",1,25.6,2.94722519891231,"Subhydric","plains",2.43018785995356,"Central","ZF20-43"
"463",1,5.25,1.73801332244322,"Mesic","plains",2.51250229601368,"Central","ZF20-4"
"464",1,4.35,1.63241190102949,"Xeric","plains",1.96741804824879,"Central","ZF20-4"
"465",1,10.4,2.18278576612221,"Mesic","plains",2.61629402519763,"Central","ZF20-52"
"466",1,2.35,1.32950289523459,"Xeric","plains",2.4214755475503,"Central","ZF20-52"
"467",1,11.1,2.23069910447562,"Mesic","plains",2.42870192656812,"Central","ZF20-52"
"468",1,20.9,2.75453796202665,"Subhydric","plains",1.69399159575652,"Central","ZF20-597"
"469",1,5,1.7099759466767,"Xeric","plains",2.44599891602419,"Central","ZF20-597"
"470",1,5.75,1.79152393550797,"Mesic","plains",2.26044952749112,"Central","ZF20-59"
"471",1,1,1,"Xeric","plains",0,"Central","ZF20-64"
"472",1,12.2,2.30207751796315,"Subhydric","plains",1.94583176906835,"Central","ZF20-64"
"473",1,8.9,2.07235109805926,"Xeric","plains",2.32777303905349,"Central","ZF20-6"
"474",1,4.2,1.61342864602454,"Mesic","plains",2.33552599912547,"Central","ZF20-6"
"475",1,16.1,2.52508087183385,"Subhydric","plains",1.89938458147879,"Central","ZF20-6"
"476",1,24.7,2.91227456856365,"Subhydric","plains",0,"Central","ZF20-8"
"477",1,21.3,2.77199984174875,"Mesic","plains",2.60800648408346,"Central","ZF20-8"
"478",1,11.85,2.27984917438729,"Mesic","plains",2.001280925856,"Central","ZF20-9"
"479",1,28.7,3.06168588661365,"Mesic","plains",2.57020254072513,"Central","ZF20-9"
"480",1,23.8,2.87646428244683,"Subhydric","plains",1.91085344059197,"Central","ZF20-9"
"481",1,31.15,3.14643924511059,"Subhydric","shield",1.56360478304859,"Wekweeti","ZF26-104"
"482",1,7.1,1.92199734277467,"Mesic","shield",1.65344967025833,"Wekweeti","ZF26-104"
"483",1,30.3,3.11755561336983,"Subhydric","shield",1.12419802016434,"Wekweeti","ZF26-118"
"484",1,5.2,1.73247821068181,"Mesic","shield",1.03747950071269,"Wekweeti","ZF26-118"
"485",1,6.25,1.84201574932019,"Xeric","shield",2.59714554237757,"Wekweeti","ZF26-50"
"486",1,34,3.23961180127748,"Subhydric","shield",1.68756582233969,"Wekweeti","ZF26-50"
"487",1,16.6,2.55095440373441,"Subhydric","shield",2.14203592001135,"Wekweeti","ZF26-54"
"488",1,4.85,1.69270228137218,"Xeric","shield",1.64113271489873,"Wekweeti","ZF26-54"
"489",1,4.1,1.60052066388316,"Xeric","shield",1.4593658239053,"Wekweeti","ZF26-5"
"490",1,10.05,2.15801944654298,"Mesic","shield",1.96006339957006,"Wekweeti","ZF26-5"
"491",1,33.4,3.22044205188375,"Subhydric","shield",1.56821353875088,"Wekweeti","ZF26-5"
"492",1,3.75,1.55361625297693,"Xeric","shield",1.46741392245671,"Wekweeti","ZF26-66"
"493",1,26.85,2.99443412450723,"Subhydric","shield",1.77095407637671,"Wekweeti","ZF26-66"
"494",1,9.3,2.10294371746142,"Subhydric","shield",1.44291397698133,"Wekweeti","ZF26-6"
"495",1,10.25,2.17224074288431,"Mesic","shield",1.76661669843641,"Wekweeti","ZF26-6"
"496",1,3.15,1.46589720887824,"Mesic","shield",1.6264207206252,"Wekweeti","ZF26-7"
"497",1,2,1.25992104989487,"Xeric","shield",2.191295501292,"Wekweeti","ZF26-7"
"498",1,22.9,2.83973944577827,"Subhydric","shield",1.66369626010709,"Wekweeti","ZF26-7"
"499",1,4.7,1.67506868360223,"Mesic","shield",1.60941873645529,"Wekweeti","ZF26-96"
"500",1,42.2,3.48153541265259,"Subhydric","shield",1.4103503882487,"Wekweeti","ZF26-96"
"501",1,12.33333333,2.31043358926812,"Mesic","shield",1.97840373947081,"Wekweeti","ZF26-98"
"502",1,20.3,2.72792240414759,"Subhydric","plains",1.58207155506021,"Gameti West","ZF35-11"
"503",1,1.8,1.21644039911468,"Xeric","plains",2.43822177949946,"Gameti West","ZF35-11"
"504",1,4.35,1.63241190102949,"Mesic","plains",1.92686318474083,"Gameti West","ZF35-11"
"505",1,25.7,2.95105774575144,"Mesic","plains",2.39616398950323,"Gameti West","ZF35-24"
"506",1,1.85,1.22760102619215,"Xeric","plains",2.0325997464194,"Gameti West","ZF35-24"
"507",1,39.3,3.39988465583327,"Subhydric","plains",1.56933050037703,"Gameti West","ZF35-24"
"508",1,22.7,2.83144818852819,"Subhydric","plains",1.96802658033522,"Gameti West","ZF35-29"
"509",1,22.1,2.80627842839044,"Mesic","plains",2.20947256988982,"Gameti West","ZF35-29"
"510",1,4.35,1.63241190102949,"Mesic","plains",1.42708583901971,"Gameti West","ZF35-2"
"511",1,3.15,1.46589720887824,"Xeric","plains",2.24733389954452,"Gameti West","ZF35-2"
"512",1,38.1,3.36492192487753,"Subhydric","plains",0.308821159381038,"Gameti West","ZF35-2"
"513",1,2.15,1.29066288067403,"Mesic","plains",2.01152357335796,"Gameti West","ZF35-33"
"514",1,29.1,3.07584417301533,"Subhydric","plains",1.59192922291465,"Gameti West","ZF35-37"
"515",1,1.3,1.09139288306111,"Xeric","plains",2.18830182567483,"Gameti West","ZF35-37"
"516",1,4.7,1.67506868360223,"Mesic","plains",1.78000645034064,"Gameti West","ZF35-39"
"517",1,0.75,0.90856029641607,"Xeric","plains",0.985863006872907,"Gameti West","ZF35-39"
"518",1,19.2,2.67773180032868,"Subhydric","plains",1.58956692291183,"Gameti West","ZF35-39"
"519",1,24,2.88449914061482,"Mesic","plains",2.11261013216665,"Gameti West","ZF35-40"
"520",1,0.1,0.464158883361278,"Xeric","plains",0.88358787726187,"Gameti West","ZF35-40"
"521",1,37,3.33222185164595,"Subhydric","plains",2.06098091099886,"Gameti West","ZF35-9"
"522",1,3.1,1.45809973582671,"Xeric","plains",1.73493045789251,"Gameti West","ZF35-9"
"523",1,12,2.28942848510666,"Mesic","plains",1.59534815564007,"Gameti West","ZF35-9"
"524",1,9.65,2.1290005376555,"Mesic","shield",2.54685994989689,"Gameti East","ZF44-16"
"525",1,6.3,1.84691475044783,"Xeric","shield",2.63834813301022,"Gameti East","ZF44-16"
"526",1,37.1,3.33522115286161,"Subhydric","shield",1.70756727554879,"Gameti East","ZF44-36"
"527",1,7.3,1.93987741458033,"Mesic","shield",2.14519795863023,"Gameti East","ZF44-36"
"528",1,1.75,1.20507113208762,"Xeric","shield",1.41402609823345,"Gameti East","ZF44-37"
"529",1,6,1.81712059283214,"Mesic","shield",3.0215221881328,"Gameti East","ZF44-37"
"530",1,24,2.88449914061482,"Subhydric","shield",1.83323602462766,"Gameti East","ZF44-51"
"531",1,4.75,1.68098770339948,"Mesic","shield",0,"Gameti East","ZF44-52"
"532",1,28,3.03658897187566,"Subhydric","shield",2.11055509125951,"Gameti East","ZF44-52"
"533",1,14.3,2.42723604291694,"Mesic","shield",2.23784239588163,"Gameti East","ZF44-54"
"534",1,35.1,3.27417864918332,"Subhydric","shield",2.49473753248019,"Gameti East","ZF44-54"
"535",1,41.2,3.45381500546985,"Subhydric","shield",1.49686931590539,"Gameti East","ZF44-5"
"536",1,9.05,2.08392871872048,"Mesic","shield",2.45458901232592,"Gameti East","ZF44-9"
"537",1,3.4,1.50369459620497,"Mesic","plains",1.9358934225119,"Northern","ZF46-15"
"538",1,30.5,3.12439988476312,"Subhydric","plains",2.11478802190804,"Northern","ZF46-15"
"539",1,36.6,3.32017031109669,"Subhydric","plains",1.30041699798165,"Northern","ZF46-18"
"540",1,0.4,0.736806299728077,"Xeric","plains",0,"Northern","ZF46-1"
"541",1,16.1,2.52508087183385,"Subhydric","plains",2.27832593269611,"Northern","ZF46-1"
"542",1,11.35,2.24732191653155,"Mesic","plains",1.7195149289027,"Northern","ZF46-1"
"543",1,1.75,1.20507113208762,"Mesic","plains",1.32743406952291,"Northern","ZF46-21"
"544",1,14.7,2.44965981671321,"Subhydric","plains",2.15935520019571,"Northern","ZF46-21"
"545",1,1.95,1.24933297746139,"Xeric","plains",0,"Northern","ZF46-21"
"546",1,5.85,1.80184994991457,"Mesic","plains",1.60231237002227,"Northern","ZF46-24"
"547",1,26.95,2.99814700385222,"Subhydric","plains",2.13742333087974,"Northern","ZF46-30"
"548",1,25.65,2.94914271747468,"Mesic","plains",2.57301325974599,"Northern","ZF46-35"
"549",1,0.35,0.704729873206489,"Xeric","plains",0.167653919554594,"Northern","ZF46-35"
"550",1,20.75,2.74793233004751,"Mesic","plains",2.35383628718819,"Northern","ZF46-35"
"551",1,7.05,1.91747497937454,"Mesic","plains",1.7268035868368,"Northern","ZF46-37"
"552",1,5.8,1.79670177914305,"Mesic","plains",1.9532137210599,"Northern","ZF46-37"
"553",1,1.6,1.16960709528515,"Xeric","plains",0.511775545282683,"Northern","ZF46-37"
"554",1,3.3,1.48880555295383,"Xeric","plains",0.501057237588392,"Northern","ZF46-401"
"555",1,2.21,1.30255906172255,"Mesic","plains",0.943238392250815,"Northern","ZF46-401"
"556",1,21,2.75892417638112,"Mesic","plains",2.04230136282789,"Northern","ZF46-48"
"557",1,2.35,1.32950289523459,"Xeric","plains",0,"Northern","ZF46-48"
"558",1,10.9,2.21722023096663,"Mesic","plains",1.58043117925548,"Northern","ZF46-51"
"559",1,2.75,1.40101966532769,"Xeric","plains",2.04240596856354,"Northern","ZF46-51"
"560",1,5.85,1.80184994991457,"Mesic","plains",2.2031352467414,"Northern","ZF46-5"
"561",1,20.6,2.7412947864932,"Subhydric","plains",1.76210335286266,"Northern","ZF46-5"
